id,client_email,client_phone,amount,vat,additional
1,lhammersley0@utexas.edu,+86 753 656 5770,78.5,8,Quality-focused
2,mpash1@scientificamerican.com,+63 297 299 3176,91.2,17,extranet
3,rbrookton2@themeforest.net,+970 640 880 3245,46.1,7,asynchronous
4,gpeltz3@ed.gov,+62 417 584 3762,31.3,4,optimizing
5,dmelendez4@msu.edu,+48 801 500 1303,16.6,18,application
6,mmortell5@nba.com,+386 439 539 1489,80.4,1,monitoring
7,adonnison6@list-manage.com,+351 607 603 4106,72.3,1,foreground
8,sdoy7@ask.com,+224 318 888 9826,70.9,11,fresh-thinking
9,jcollomosse8@spiegel.de,+689 328 823 3692,29.0,17,User-friendly
10,gelington9@ox.ac.uk,+1 804 650 4855,16.0,18,Right-sized
11,hmockforda@mysql.com,+62 675 427 5611,37.4,10,Managed
12,kbruinemannb@twitter.com,+92 165 444 6559,69.7,18,access
13,bjoysonc@wix.com,+86 867 106 3064,98.1,14,Vision-oriented
14,bhubnerd@hibu.com,+48 809 514 2716,2.9,13,capacity
15,csalatinoe@comcast.net,+62 536 146 1454,65.8,19,logistical
16,awayvillf@mail.ru,+62 210 204 5094,62.8,20,global
17,kbulcroftg@archive.org,+377 185 626 4742,90.4,20,transitional
18,mlarcierh@weibo.com,+261 499 896 3579,76.8,11,reciprocal
19,nhixleyi@usnews.com,+48 726 277 1949,65.2,13,Optimized
20,jweymontj@vistaprint.com,+385 241 956 7120,15.0,13,solution-oriented
21,gvaynek@timesonline.co.uk,+1 760 821 4184,22.7,2,intranet
22,dloydl@amazon.com,+81 519 657 1495,91.5,3,needs-based
23,lmitchamm@pbs.org,+7 328 409 1655,13.5,19,capability
24,dgrimblebyn@army.mil,+86 316 648 2487,51.7,18,orchestration
25,fbullento@slideshare.net,+86 697 963 2147,17.9,19,intranet
26,redysonp@apache.org,+86 567 203 7829,8.1,18,hybrid
27,chamnerq@java.com,+351 400 292 3869,25.3,15,optimal
28,rbowyerr@webeden.co.uk,+46 781 339 8511,57.1,4,web-enabled
29,gdennerleys@meetup.com,+86 574 995 5189,96.5,7,6th generation
30,dewebankt@csmonitor.com,+86 974 412 9712,50.4,9,challenge
31,myurasovu@ameblo.jp,+507 420 113 2000,79.6,2,Visionary
32,chartmanv@wsj.com,+86 822 313 8807,75.3,11,Public-key
33,ecoffinw@t.co,+86 583 938 2562,3.5,13,alliance
34,dsangwinx@rediff.com,+93 553 369 4052,89.3,5,Digitized
35,hroddeny@wikia.com,+86 287 119 2715,91.4,16,Streamlined
36,dcussz@usgs.gov,+62 347 954 3627,88.5,7,dynamic
37,lblythe10@guardian.co.uk,+7 900 400 8937,14.7,4,3rd generation
38,mbirkett11@1688.com,+351 539 716 6113,4.5,8,radical
39,dmcelmurray12@t.co,+62 768 941 3877,81.8,8,Optimized
40,nmurrells13@fc2.com,+63 391 886 5383,81.8,9,logistical
41,ttennison14@jigsy.com,+351 167 501 8291,28.0,6,high-level
42,ewhiting15@reverbnation.com,+52 472 270 9805,76.0,6,composite
43,dhuntington16@sourceforge.net,+507 639 669 3635,7.2,15,multi-tasking
44,smildner17@independent.co.uk,+62 252 519 6215,2.5,1,neutral
45,rfallawe18@blogspot.com,+48 111 148 1897,40.3,11,directional
46,vmouland19@freewebs.com,+66 355 712 1400,43.6,1,Programmable
47,rmaccheyne1a@opensource.org,+66 346 192 6874,83.6,20,Sharable
48,wbury1b@deviantart.com,+63 750 548 1612,9.4,18,multi-state
49,cgouley1c@ocn.ne.jp,+7 317 219 4314,26.4,9,approach
50,eedgar1d@indiatimes.com,+48 134 918 7753,86.5,11,help-desk
51,tfeakins1e@themeforest.net,+30 263 583 3187,56.4,9,hub
52,myankov1f@cmu.edu,+48 395 210 2065,31.2,19,Sharable
53,fweildish1g@independent.co.uk,+380 860 195 3871,15.5,12,pricing structure
54,bwoltering1h@symantec.com,+372 518 669 4470,57.7,5,Re-engineered
55,cmoiser1i@seesaa.net,+351 216 870 6382,54.7,17,neutral
56,ohinz1j@indiatimes.com,+86 173 480 5673,96.9,5,success
57,nberzin1k@google.co.uk,+63 869 529 9309,93.0,14,knowledge base
58,kgravells1l@biglobe.ne.jp,+212 654 300 4190,69.5,9,hierarchy
59,tpotes1m@google.co.uk,+7 873 897 8450,84.1,17,matrices
60,fkinnock1n@alexa.com,+48 356 706 3925,62.3,16,User-friendly
61,vfremantle1o@yahoo.com,+66 296 565 2032,40.3,16,knowledge base
62,cstanbra1p@statcounter.com,+86 306 370 2944,66.4,6,secondary
63,cducastel1q@mail.ru,+7 748 679 9504,93.1,16,optimizing
64,whitzschke1r@columbia.edu,+33 446 831 5672,19.8,11,Balanced
65,gbremeyer1s@webmd.com,+33 925 641 9110,76.8,19,Persistent
66,kboddymead1t@biblegateway.com,+86 628 623 0582,47.5,18,bifurcated
67,jlawee1u@webs.com,+57 953 920 4275,19.8,8,installation
68,jpruce1v@xrea.com,+30 722 507 7743,52.1,10,synergy
69,oclarson1w@opera.com,+86 249 473 6855,93.6,20,bifurcated
70,bmckniely1x@mayoclinic.com,+54 379 227 0713,10.7,19,secured line
71,xbasset1y@umn.edu,+86 776 322 7915,54.8,19,Expanded
72,adrever1z@forbes.com,+47 273 435 8046,24.9,9,concept
73,foag20@geocities.jp,+81 405 602 0484,78.7,20,access
74,coleary21@fema.gov,+62 178 876 3071,46.7,18,moderator
75,cfried22@live.com,+381 888 543 6875,73.4,15,asynchronous
76,gbenthall23@360.cn,+20 800 400 3544,49.4,9,Optional
77,gwitterick24@edublogs.org,+358 135 986 3621,45.2,17,Seamless
78,gjozsika25@free.fr,+62 275 749 7112,21.6,12,Switchable
79,wmann26@ihg.com,+1 801 267 8939,45.4,14,User-centric
80,jsynan27@merriam-webster.com,+375 409 941 9127,63.1,4,fresh-thinking
81,mblount28@infoseek.co.jp,+86 330 600 7089,14.0,9,model
82,dbiggar29@moonfruit.com,+353 861 118 4477,16.4,12,Optimized
83,smayou2a@pinterest.com,+242 750 391 2821,68.2,15,flexibility
84,ecordall2b@berkeley.edu,+63 356 133 2486,96.4,1,national
85,oheynel2c@etsy.com,+1 573 743 2724,29.4,1,Graphic Interface
86,awigelsworth2d@gravatar.com,+420 782 912 8718,51.2,9,asynchronous
87,rtrenbay2e@jiathis.com,+63 748 520 5129,32.9,7,matrices
88,msiddele2f@symantec.com,+86 494 103 9956,43.8,2,adapter
89,kmacdirmid2g@washington.edu,+970 239 116 3738,50.5,7,Self-enabling
90,mervin2h@mac.com,+81 247 230 3860,66.2,13,benchmark
91,fcastro2i@marriott.com,+81 346 858 0599,1.0,16,context-sensitive
92,bsyder2j@google.co.jp,+33 214 762 5203,25.8,19,next generation
93,sosborn2k@barnesandnoble.com,+86 164 399 4192,65.9,14,content-based
94,llarter2l@last.fm,+86 930 860 4383,8.7,1,3rd generation
95,ktargetter2m@opensource.org,+60 128 559 7107,7.8,9,User-centric
96,cclavey2n@scribd.com,+86 223 722 2142,83.3,12,complexity
97,oprobart2o@wikipedia.org,+33 793 739 6800,75.6,17,grid-enabled
98,nbasil2p@hubpages.com,+51 660 463 7137,32.2,10,local area network
99,jcicero2q@t.co,+63 929 493 5564,98.2,6,Synergistic
100,asweating2r@pinterest.com,+44 856 243 0719,78.8,12,internet solution
101,rrettie2s@macromedia.com,+86 317 397 0870,83.6,4,throughput
102,mgagg2t@altervista.org,+33 712 727 3866,97.2,9,structure
103,bludron2u@gmpg.org,+420 737 409 3707,81.7,5,actuating
104,avernall2v@nps.gov,+237 208 470 6009,29.4,9,Public-key
105,cocoskerry2w@sbwire.com,+234 464 829 3907,22.8,5,actuating
106,rcausnett2x@unblog.fr,+86 940 259 2597,56.5,6,value-added
107,swellfare2y@lulu.com,+30 400 878 7389,27.8,13,Fundamental
108,krycraft2z@noaa.gov,+48 297 685 5757,54.4,18,Cross-platform
109,jnast30@jigsy.com,+353 744 976 2435,17.0,4,Ergonomic
110,lkahane31@examiner.com,+234 165 804 9289,23.8,19,holistic
111,ptiller32@infoseek.co.jp,+358 205 806 6477,13.6,8,protocol
112,ishalcros33@blog.com,+7 821 955 0563,64.8,20,Devolved
113,jmccaighey34@wunderground.com,+86 117 865 6177,37.8,11,flexibility
114,nwaters35@tinyurl.com,+92 672 443 6259,56.8,7,high-level
115,cogg36@sakura.ne.jp,+86 621 561 4543,13.2,14,stable
116,rtomlett37@typepad.com,+48 591 459 5003,60.3,8,Profound
117,tletson38@dmoz.org,+84 910 525 3563,78.1,13,system engine
118,dedmonds39@google.com.hk,+81 832 812 7394,25.7,13,Customer-focused
119,sveazey3a@cisco.com,+86 485 440 9835,23.3,5,info-mediaries
120,ceusden3b@delicious.com,+251 200 605 2540,29.7,15,Monitored
121,mcolter3c@51.la,+60 680 604 8859,32.1,9,function
122,cnequest3d@godaddy.com,+62 634 737 7432,76.1,11,budgetary management
123,dlukasen3e@t-online.de,+54 613 272 3456,12.1,17,Multi-layered
124,ghimsworth3f@studiopress.com,+86 153 783 9384,73.5,19,info-mediaries
125,pteresse3g@msu.edu,+54 382 515 4829,97.4,10,initiative
126,aalbasini3h@fastcompany.com,+63 289 282 9583,97.3,5,productivity
127,asutliff3i@bravesites.com,+351 317 273 4961,99.7,12,Reactive
128,dmochan3j@storify.com,+86 554 120 5272,17.1,14,archive
129,rbalfour3k@weebly.com,+86 403 124 8317,24.9,13,Automated
130,ebonnavant3l@scribd.com,+51 738 448 3841,84.3,20,Phased
131,sthickpenny3m@google.co.jp,+63 730 615 5461,27.3,1,Multi-layered
132,lwallach3n@tinypic.com,+20 850 842 7119,53.8,4,data-warehouse
133,kmarcroft3o@utexas.edu,+86 571 791 2913,25.6,19,Visionary
134,esego3p@fastcompany.com,+502 788 440 4311,45.5,14,Robust
135,mmarcham3q@blogger.com,+86 405 301 4560,84.4,5,ability
136,mfooter3r@sciencedaily.com,+86 349 624 9086,65.0,11,logistical
137,rdoulden3s@php.net,+62 836 518 6156,31.4,3,stable
138,bkoppe3t@merriam-webster.com,+55 497 299 3451,39.4,10,Future-proofed
139,dhantusch3u@scientificamerican.com,+7 659 793 2763,12.3,7,Switchable
140,asettle3v@noaa.gov,+351 540 101 9361,20.6,10,Balanced
141,dstollman3w@state.gov,+55 203 832 6261,79.3,15,tangible
142,rbogace3x@cpanel.net,+57 968 648 3997,34.1,3,definition
143,nmaddra3y@purevolume.com,+507 468 187 1423,19.2,11,Fundamental
144,sdarko3z@youku.com,+237 684 976 4753,13.7,15,multi-state
145,tmarsie40@hostgator.com,+86 846 294 5646,13.4,7,Graphical User Interface
146,fmusterd41@mail.ru,+86 308 883 2970,80.9,7,impactful
147,cspivey42@jalbum.net,+63 322 705 2259,72.5,4,Operative
148,adafforne43@rakuten.co.jp,+86 684 841 8160,43.5,19,secured line
149,rimlaw44@umn.edu,+46 546 127 8133,84.3,6,secured line
150,vledgister45@tripod.com,+56 270 667 6009,29.7,19,empowering
151,psargant46@imdb.com,+30 599 839 3621,46.0,18,human-resource
152,harnely47@hibu.com,+86 885 237 5282,59.0,8,Universal
153,cpiggrem48@sina.com.cn,+55 127 849 7429,37.7,19,multi-state
154,wbabin49@odnoklassniki.ru,+351 635 318 1849,88.6,2,emulation
155,ngillie4a@ucoz.ru,+86 273 440 1576,33.4,20,Business-focused
156,nwidger4b@addtoany.com,+55 258 620 3087,50.5,4,Persevering
157,tdudny4c@mediafire.com,+48 889 566 0173,97.1,13,structure
158,scoalburn4d@dailymotion.com,+251 267 513 3723,70.9,1,software
159,bmclaggan4e@tinyurl.com,+33 939 118 2512,65.2,3,Diverse
160,rguilford4f@samsung.com,+51 864 282 4963,53.6,1,ability
161,msaterthwait4g@usnews.com,+1 215 517 2761,17.1,20,intermediate
162,dreboul4h@comcast.net,+48 678 811 0330,38.1,5,Enhanced
163,usudell4i@rakuten.co.jp,+86 875 202 6346,56.7,20,middleware
164,fmcmillan4j@squidoo.com,+86 271 715 8473,36.6,1,installation
165,sfrank4k@who.int,+53 227 330 6018,37.0,12,Synchronised
166,dfolonin4l@oracle.com,+357 646 608 2105,43.4,14,hardware
167,csoggee4m@psu.edu,+62 598 693 9822,95.0,19,Fully-configurable
168,egrealy4n@dion.ne.jp,+351 671 856 0800,30.0,11,focus group
169,kkivlehan4o@webmd.com,+386 915 287 4891,32.2,15,Mandatory
170,vshepheard4p@constantcontact.com,+33 874 296 8943,36.3,20,object-oriented
171,ncanby4q@over-blog.com,+850 887 458 3733,11.4,2,data-warehouse
172,cbaskett4r@livejournal.com,+86 226 258 7369,8.3,10,tangible
173,larnolds4s@wordpress.org,+235 743 862 6659,9.0,18,Visionary
174,kpailin4t@xing.com,+86 691 285 9608,78.2,14,Diverse
175,gfearnyough4u@freewebs.com,+7 737 795 1977,41.4,7,benchmark
176,ltrudgian4v@google.com.hk,+380 776 397 9052,13.0,3,bifurcated
177,cwayper4w@jalbum.net,+420 962 617 9649,40.2,13,Right-sized
178,jfossey4x@si.edu,+86 245 191 6607,98.3,3,artificial intelligence
179,ztreslove4y@usda.gov,+58 887 229 1978,14.1,1,project
180,rpevreal4z@blogger.com,+351 943 723 7438,44.7,13,Right-sized
181,desmonde50@nbcnews.com,+46 502 174 6525,16.9,20,policy
182,nraubenheimers51@yolasite.com,+45 599 867 8341,20.8,11,holistic
183,trosel52@virginia.edu,+63 104 384 4714,36.7,3,Self-enabling
184,ecatherick53@samsung.com,+84 555 661 8000,59.7,7,5th generation
185,bkemston54@yolasite.com,+86 789 227 4982,99.4,10,User-friendly
186,hnussgen55@wordpress.com,+46 379 508 3342,22.1,4,Upgradable
187,abenza56@xinhuanet.com,+55 115 101 9666,80.8,12,24/7
188,sstandley57@blogspot.com,+48 386 841 7505,55.8,10,Synergized
189,eocallaghan58@berkeley.edu,+356 150 708 6706,18.8,13,full-range
190,scund59@xing.com,+46 209 587 1792,84.9,19,hardware
191,drickersey5a@mtv.com,+86 873 826 9064,54.2,2,Monitored
192,mbingle5b@ftc.gov,+62 580 352 6574,64.2,17,Programmable
193,rmacturlough5c@theglobeandmail.com,+62 977 537 2514,99.6,18,Business-focused
194,dlampet5d@prnewswire.com,+86 821 794 7804,46.7,13,zero defect
195,gpawfoot5e@arstechnica.com,+380 319 464 1538,81.1,5,Synergistic
196,mtingly5f@apple.com,+355 818 636 3993,92.8,2,portal
197,nmollitt5g@mapquest.com,+86 860 318 9485,74.4,10,incremental
198,amaughan5h@wordpress.org,+228 680 280 1212,11.0,15,Down-sized
199,vcohani5i@nih.gov,+62 390 682 0440,18.0,12,4th generation
200,cdaventry5j@amazon.co.uk,+1 503 242 0192,6.9,9,bifurcated
201,mnobes5k@si.edu,+351 269 915 4668,97.4,4,leading edge
202,nvankov5l@rakuten.co.jp,+7 120 403 6598,16.9,20,Organized
203,mfreiburger5m@uiuc.edu,+505 289 943 7860,68.4,19,Mandatory
204,hhalstead5n@economist.com,+996 248 329 5869,73.2,16,hybrid
205,kpestell5o@auda.org.au,+86 229 124 1900,69.0,16,secured line
206,sferrulli5p@discuz.net,+63 824 325 8309,30.2,18,initiative
207,dgoodere5q@yahoo.co.jp,+386 246 120 6406,62.1,20,Quality-focused
208,esimester5r@un.org,+7 466 174 0033,84.0,5,explicit
209,ahaysman5s@liveinternet.ru,+976 507 155 2577,95.5,7,Configurable
210,bpantin5t@cdbaby.com,+685 631 920 8996,30.7,11,Right-sized
211,sbaggarley5u@unicef.org,+7 393 790 4567,66.4,13,Exclusive
212,mmcilvaney5v@adobe.com,+20 720 405 8723,46.7,20,synergy
213,lparkhouse5w@cocolog-nifty.com,+86 240 434 9995,84.0,14,Streamlined
214,afifield5x@msu.edu,+380 330 268 2573,18.6,20,holistic
215,aomarkey5y@cnn.com,+82 155 185 7334,66.9,17,workforce
216,lassad5z@state.tx.us,+7 989 447 4120,2.9,13,impactful
217,fdrinnan60@economist.com,+7 258 916 0068,46.9,1,Digitized
218,bcorteney61@stanford.edu,+62 482 409 8852,56.8,7,Customizable
219,slynnitt62@cbsnews.com,+57 438 722 6066,16.2,6,alliance
220,rsancraft63@tinypic.com,+7 295 714 0538,20.8,2,Optimized
221,rfarfull64@slideshare.net,+46 914 994 1504,58.1,20,ability
222,ecroutear65@miibeian.gov.cn,+269 927 197 1909,60.5,9,utilisation
223,laikin66@odnoklassniki.ru,+86 195 752 9553,92.3,19,contextually-based
224,adrinkall67@mayoclinic.com,+62 602 635 8498,70.4,10,client-server
225,bmorrid68@free.fr,+86 571 871 3498,90.7,9,Cloned
226,jburden69@sohu.com,+86 896 570 9972,34.4,20,superstructure
227,hfeast6a@state.gov,+351 168 720 1584,54.6,2,Reverse-engineered
228,bwark6b@stanford.edu,+63 934 143 6446,7.6,19,Persistent
229,nhearse6c@si.edu,+86 741 802 5865,79.4,10,zero administration
230,clongega6d@lycos.com,+1 262 162 3234,2.1,20,local area network
231,mcoste6e@fda.gov,+31 890 288 3604,39.7,12,executive
232,ahayes6f@blogtalkradio.com,+86 258 759 2393,9.8,1,Cloned
233,cajean6g@taobao.com,+41 199 546 1904,65.1,14,Customer-focused
234,hdalesco6h@jimdo.com,+86 584 185 5099,22.6,12,Pre-emptive
235,zgoodrum6i@mit.edu,+46 201 344 6118,36.2,2,productivity
236,alawden6j@ustream.tv,+33 270 841 3061,11.0,8,context-sensitive
237,tzuanelli6k@redcross.org,+62 115 772 6274,29.5,10,Versatile
238,mteas6l@over-blog.com,+86 301 181 1172,96.1,2,protocol
239,afareweather6m@clickbank.net,+82 601 124 0039,49.6,1,product
240,rwoodlands6n@tinyurl.com,+7 943 418 7925,37.8,20,protocol
241,bpriddis6o@google.nl,+54 382 938 0171,47.1,12,methodical
242,hotteridge6p@cargocollective.com,+62 473 617 7873,12.4,14,analyzing
243,acrosdill6q@trellian.com,+62 636 652 4607,88.7,7,multi-state
244,lputtock6r@joomla.org,+86 341 576 7913,11.7,14,Devolved
245,dearnshaw6s@dell.com,+54 880 223 3301,78.8,3,process improvement
246,kmeeny6t@nifty.com,+380 414 876 0985,69.3,10,Realigned
247,amatevosian6u@businessinsider.com,+692 154 307 5509,95.6,19,array
248,aodonnell6v@dagondesign.com,+351 244 101 5134,36.8,8,coherent
249,wbelfield6w@wikia.com,+86 967 278 0470,76.9,5,Up-sized
250,kmeadway6x@about.com,+351 974 403 8239,36.0,20,5th generation
251,abolderstone6y@nasa.gov,+506 191 190 1713,80.1,16,system-worthy
252,csollom6z@globo.com,+82 913 737 2699,9.9,16,paradigm
253,arounce70@cpanel.net,+46 880 341 9670,86.5,1,orchestration
254,gsquibb71@friendfeed.com,+51 932 182 7825,31.2,3,Devolved
255,jbalcombe72@ucsd.edu,+95 637 855 8000,4.1,4,optimal
256,lfayerbrother73@loc.gov,+86 117 895 8144,7.5,8,multimedia
257,dsiebart74@fotki.com,+86 844 968 4436,16.5,7,directional
258,jslimings75@mlb.com,+86 454 816 6376,34.2,19,Implemented
259,gbattaille76@com.com,+86 983 203 6260,62.3,3,Graphic Interface
260,gbrundale77@jigsy.com,+371 693 433 2010,33.4,2,analyzer
261,wscollard78@php.net,+62 819 408 6852,81.5,12,emulation
262,fbirkhead79@tumblr.com,+223 355 812 4120,67.3,20,6th generation
263,jcrummie7a@phpbb.com,+86 785 448 1257,71.3,10,Face to face
264,dshear7b@guardian.co.uk,+33 627 179 0275,29.6,13,actuating
265,llikely7c@mail.ru,+385 352 206 9285,84.8,20,Synchronised
266,ssorel7d@hostgator.com,+264 672 336 3396,85.8,19,adapter
267,dtie7e@themeforest.net,+62 647 918 2469,63.7,5,solution-oriented
268,ktruckett7f@free.fr,+86 652 659 7695,29.4,14,Cloned
269,ledgehill7g@mit.edu,+62 378 250 7043,94.5,20,Function-based
270,lsteutly7h@rambler.ru,+351 975 231 5189,29.6,19,Quality-focused
271,vstuddal7i@ucoz.ru,+355 464 647 8717,50.4,2,software
272,lgoford7j@disqus.com,+976 704 374 9485,11.9,12,Compatible
273,klewin7k@google.cn,+351 470 320 0091,10.0,3,Object-based
274,esouley7l@blog.com,+420 348 912 7831,63.9,15,Phased
275,teger7m@biblegateway.com,+57 274 721 2472,3.6,14,solution-oriented
276,ddufour7n@tinyurl.com,+86 287 309 2664,28.0,9,protocol
277,askentelbury7o@altervista.org,+62 247 104 5621,45.0,9,well-modulated
278,ascimonelli7p@google.com.hk,+54 411 724 2615,60.7,1,Monitored
279,ohundal7q@php.net,+63 701 664 7267,4.7,1,Phased
280,wpilmoor7r@ft.com,+66 428 460 0370,67.4,5,Automated
281,pogborn7s@mac.com,+34 749 231 8536,93.1,16,Cloned
282,chousin7t@slashdot.org,+98 181 891 0048,87.4,1,user-facing
283,rbentz7u@cnn.com,+48 745 592 6167,83.3,13,methodology
284,mgleasane7v@accuweather.com,+62 416 170 3059,34.0,19,monitoring
285,dblann7w@free.fr,+504 672 495 2321,80.7,10,alliance
286,rcroysdale7x@wufoo.com,+86 751 423 1804,11.8,12,Intuitive
287,bbotten7y@hp.com,+86 171 108 1791,41.1,16,Stand-alone
288,jshowte7z@pinterest.com,+62 476 496 3316,97.9,11,Self-enabling
289,bhutten80@soup.io,+55 558 287 5583,76.1,18,interactive
290,nstranger81@indiatimes.com,+86 757 719 4829,78.9,19,Graphical User Interface
291,oleighton82@dell.com,+86 806 903 6177,62.1,11,neutral
292,jchomicki83@boston.com,+977 624 708 6840,94.2,9,background
293,uizacenko84@tuttocitta.it,+46 498 980 5605,13.9,6,Devolved
294,lminget85@parallels.com,+86 540 459 6984,4.2,10,asynchronous
295,hthomasset86@ocn.ne.jp,+62 728 331 3310,37.2,14,Optimized
296,ejewes87@cpanel.net,+86 861 220 7096,63.1,17,maximized
297,crosentholer88@marriott.com,+86 771 670 3627,33.9,2,Compatible
298,fklampk89@ft.com,+63 943 316 5204,59.0,18,multi-state
299,cclarae8a@mtv.com,+62 321 240 7929,41.7,13,internet solution
300,fstenner8b@pbs.org,+850 678 755 0531,87.0,2,superstructure
301,bivanyutin8c@cmu.edu,+994 161 137 6610,51.6,4,access
302,drassmann8d@naver.com,+62 786 382 5288,41.0,1,strategy
303,sduferie8e@google.es,+86 242 825 4990,72.1,18,hardware
304,jedworthye8f@yahoo.co.jp,+31 777 412 5740,95.3,1,incremental
305,hgoose8g@delicious.com,+351 392 118 2433,83.7,17,project
306,frupke8h@gmpg.org,+229 155 921 9896,24.2,5,heuristic
307,dedgson8i@skyrock.com,+353 827 931 8644,98.7,16,workforce
308,dshorey8j@eepurl.com,+86 796 799 5019,37.3,3,Diverse
309,stwitchett8k@hostgator.com,+86 385 331 2438,39.5,15,Quality-focused
310,bfinder8l@mail.ru,+234 890 263 3764,19.7,12,static
311,ccallen8m@zimbio.com,+63 735 493 9453,98.5,16,interactive
312,mmcateer8n@blogger.com,+86 871 425 4392,51.3,2,Centralized
313,pjans8o@4shared.com,+993 491 949 7000,10.1,16,optimizing
314,drihosek8p@hatena.ne.jp,+380 458 403 7600,92.0,12,pricing structure
315,bhasard8q@barnesandnoble.com,+48 410 323 1761,76.5,18,Customer-focused
316,drawood8r@artisteer.com,+86 716 697 3862,15.7,18,Public-key
317,aboord8s@csmonitor.com,+82 874 672 8948,97.4,1,extranet
318,hmaccrosson8t@mediafire.com,+62 445 818 1739,93.3,8,Intuitive
319,tdenerley8u@furl.net,+86 960 515 7385,27.5,18,contextually-based
320,tgozzard8v@ebay.co.uk,+86 738 332 5373,35.7,2,background
321,hgladtbach8w@spiegel.de,+420 976 469 2264,48.7,4,non-volatile
322,nfennick8x@skype.com,+63 839 614 2644,81.7,4,Open-source
323,aburnapp8y@boston.com,+62 893 856 2711,36.7,14,Object-based
324,echamney8z@ask.com,+48 572 425 6295,32.4,11,approach
325,dpatroni90@washington.edu,+60 852 639 1665,85.4,18,project
326,slukasik91@howstuffworks.com,+48 639 521 8973,32.1,13,extranet
327,cmainson92@imgur.com,+30 123 955 5073,34.9,7,software
328,jboydle93@purevolume.com,+63 447 483 8998,23.0,10,4th generation
329,babelwhite94@bloomberg.com,+48 732 351 3233,90.9,12,Switchable
330,ptschirasche95@nba.com,+33 513 394 6266,30.4,17,Open-architected
331,modd96@bizjournals.com,+30 388 121 8223,57.3,13,Polarised
332,cenion97@google.cn,+235 366 916 3589,22.6,17,encompassing
333,mvize98@multiply.com,+351 879 640 4202,77.1,1,motivating
334,brothery99@shutterfly.com,+62 948 751 9151,44.6,20,global
335,mpinckney9a@bbb.org,+62 661 751 3938,99.1,20,Inverse
336,wheyfield9b@microsoft.com,+62 812 918 1272,97.3,7,portal
337,mbradnock9c@archive.org,+53 670 428 1353,72.2,10,Multi-lateral
338,tpoulston9d@meetup.com,+252 323 311 3459,18.3,19,encompassing
339,pcutchee9e@addtoany.com,+62 574 695 5921,55.4,11,Reduced
340,wnewport9f@taobao.com,+33 509 536 2427,66.4,10,knowledge user
341,cknapper9g@usa.gov,+675 211 297 8973,38.0,7,Universal
342,pdruitt9h@squarespace.com,+86 611 240 6359,60.5,17,algorithm
343,dcovil9i@google.co.jp,+212 592 844 7044,94.4,9,knowledge user
344,gcominello9j@wufoo.com,+257 795 380 0178,81.6,9,encoding
345,alamberto9k@devhub.com,+33 178 205 3237,97.9,6,collaboration
346,tocloney9l@springer.com,+33 997 789 1652,81.9,4,Innovative
347,dfernandes9m@dailymotion.com,+48 113 890 5805,43.7,6,Virtual
348,clenthall9n@issuu.com,+86 611 918 2211,22.0,13,methodology
349,cdavidofski9o@lycos.com,+86 533 794 2092,75.5,20,challenge
350,dmoyce9p@latimes.com,+86 567 226 1632,61.8,1,value-added
351,dwinchcombe9q@gizmodo.com,+355 532 548 3534,30.3,5,mission-critical
352,rtordoff9r@ocn.ne.jp,+86 954 116 1332,8.9,16,focus group
353,ccuolahan9s@ebay.co.uk,+92 243 223 4379,14.1,2,Total
354,mkermitt9t@sitemeter.com,+269 584 268 1576,46.7,17,middleware
355,hdickings9u@kickstarter.com,+86 507 916 5694,98.3,10,hybrid
356,zburnhill9v@youtu.be,+86 701 916 6569,98.4,19,5th generation
357,molyonov9w@booking.com,+62 408 435 1174,79.5,18,Upgradable
358,tgrob9x@wisc.edu,+86 533 733 3057,66.0,7,optimizing
359,hbardnam9y@un.org,+86 905 748 4488,14.0,5,stable
360,qcrayke9z@samsung.com,+81 710 839 9813,3.1,18,Front-line
361,dtearneya0@bandcamp.com,+967 514 112 6434,22.6,15,standardization
362,psimanenkoa1@etsy.com,+86 673 896 6663,45.5,6,Devolved
363,abouslera2@woothemes.com,+27 513 584 9722,54.4,15,empowering
364,mpidgeleya3@1688.com,+63 180 878 1276,85.6,1,extranet
365,vsollya4@people.com.cn,+86 199 385 0133,76.7,19,array
366,sjennera5@army.mil,+27 540 411 1496,94.0,3,flexibility
367,bgurneea6@cafepress.com,+47 119 169 3943,37.3,20,Re-engineered
368,gperrellea7@ox.ac.uk,+63 221 153 5935,41.4,12,Profit-focused
369,icorballya8@plala.or.jp,+86 608 871 9453,15.3,5,Front-line
370,ythuilliera9@vkontakte.ru,+27 943 755 3115,52.6,10,content-based
371,jvarleyaa@1688.com,+973 706 719 8468,91.0,18,conglomeration
372,agorseab@so-net.ne.jp,+31 884 823 6285,59.5,14,uniform
373,mtraysac@wix.com,+420 284 812 4514,70.0,1,Graphic Interface
374,lgrassad@home.pl,+380 664 915 9212,88.3,11,Mandatory
375,eargontae@washington.edu,+256 769 871 8316,93.4,18,protocol
376,labramskiaf@washington.edu,+996 225 163 1659,41.7,18,high-level
377,dminucciag@google.fr,+55 200 461 1493,89.8,3,task-force
378,vlusgdinah@macromedia.com,+86 452 673 2369,71.8,1,Synergistic
379,lberettaai@addthis.com,+381 685 313 3348,36.5,2,encompassing
380,sboreaj@mozilla.org,+86 666 107 2477,9.9,7,throughput
381,leddisfordak@example.com,+86 257 803 9633,18.7,9,Enhanced
382,rchampionnetal@nasa.gov,+63 978 785 8684,39.6,17,knowledge base
383,tnannam@usnews.com,+972 466 384 3532,1.7,4,structure
384,cwannellan@mail.ru,+7 957 923 4756,16.4,10,Right-sized
385,nbegginao@ezinearticles.com,+86 345 362 7371,9.3,19,well-modulated
386,xpettwoodap@answers.com,+380 694 572 7765,46.7,18,product
387,lspriggaq@ustream.tv,+62 623 297 6191,63.9,13,utilisation
388,bhampar@engadget.com,+62 426 637 2294,87.2,4,zero administration
389,kfenixas@un.org,+27 896 611 7664,49.3,1,Graphical User Interface
390,fdannellat@facebook.com,+30 850 793 4771,33.7,20,asymmetric
391,rcaroliau@de.vu,+7 735 951 2204,98.3,14,middleware
392,edebruijnav@weebly.com,+86 457 797 3051,32.1,13,Digitized
393,eleleuaw@mayoclinic.com,+62 376 915 8204,77.0,15,migration
394,jpauliax@virginia.edu,+502 287 932 9717,16.6,14,forecast
395,kkillingsworthay@topsy.com,+55 184 237 2873,57.5,19,Down-sized
396,apindellaz@free.fr,+86 782 988 8825,6.9,8,Open-architected
397,bgioriob0@answers.com,+95 290 685 9313,6.6,3,De-engineered
398,mmulberyb1@cnbc.com,+81 436 566 5807,27.0,18,matrix
399,jgaitskillb2@cpanel.net,+86 482 530 4237,69.6,19,firmware
400,ktapeb3@soundcloud.com,+62 331 611 2880,64.4,2,hybrid
401,esharpb4@symantec.com,+86 454 482 7875,47.0,6,approach
402,ccuniob5@ucoz.com,+33 408 983 5613,11.3,1,Business-focused
403,rhambersb6@jiathis.com,+995 474 486 6405,8.0,17,Profit-focused
404,jturmallb7@mit.edu,+62 926 758 5437,11.2,13,service-desk
405,jganiclefb8@google.de,+380 762 340 0599,47.3,20,Graphical User Interface
406,bkeeleb9@edublogs.org,+86 355 596 7330,19.9,12,zero defect
407,pferroniba@xinhuanet.com,+995 550 719 0169,53.7,11,Seamless
408,aglanertbb@clickbank.net,+45 975 989 0357,48.6,10,directional
409,jsessionsbc@imageshack.us,+33 623 140 6918,58.9,8,grid-enabled
410,dlealbd@moonfruit.com,+54 368 975 1988,5.3,16,Secured
411,mgallehockbe@springer.com,+46 960 262 1746,41.8,2,upward-trending
412,jpochetbf@tinypic.com,+86 764 848 8735,35.6,7,Extended
413,nlintinbg@sohu.com,+48 744 879 0567,73.2,2,De-engineered
414,lanfossibh@qq.com,+86 441 669 6320,86.2,6,client-driven
415,achessonbi@jigsy.com,+1 173 959 9518,38.1,4,intangible
416,gliddingtonbj@webeden.co.uk,+54 330 712 0395,21.0,6,well-modulated
417,hbullardbk@360.cn,+63 466 630 4239,67.4,8,motivating
418,bsaggsbl@earthlink.net,+351 677 942 0729,42.8,16,groupware
419,celiassonbm@squarespace.com,+254 510 330 4433,64.9,15,Cross-platform
420,kportwainebn@barnesandnoble.com,+62 872 147 2753,59.9,2,protocol
421,mkuzemkabo@wordpress.org,+30 265 226 2649,42.1,3,hub
422,bbenzbp@goo.gl,+86 972 932 1713,4.4,18,monitoring
423,smccurriebq@ucoz.ru,+48 105 228 3605,41.4,13,Adaptive
424,boreillybr@paypal.com,+86 233 560 6997,81.5,14,foreground
425,rwylambs@craigslist.org,+420 983 941 0685,41.9,15,conglomeration
426,vcheeversbt@dyndns.org,+62 955 689 5212,35.7,3,structure
427,kstrewthersbu@surveymonkey.com,+62 322 386 1039,73.9,9,encoding
428,bradbonebv@google.com.au,+57 725 544 3927,88.7,18,3rd generation
429,sjochenbw@blog.com,+86 217 874 5506,47.6,5,paradigm
430,kguillilandbx@tinyurl.com,+1 218 810 1864,51.5,3,installation
431,bcluattby@geocities.jp,+7 239 555 7872,93.4,3,Fully-configurable
432,psellickbz@imdb.com,+54 153 388 3699,10.1,13,De-engineered
433,moldalec0@cam.ac.uk,+33 700 342 3077,97.7,10,logistical
434,ipamphilonc1@addthis.com,+66 122 884 7934,67.0,10,bi-directional
435,bdarquec2@google.com.hk,+62 500 984 1620,95.8,19,neutral
436,awoolhamc3@trellian.com,+62 187 173 8302,23.1,8,intermediate
437,rsteanc4@quantcast.com,+254 243 890 6582,24.2,2,heuristic
438,ttremontanac5@trellian.com,+66 914 603 6743,87.6,10,bifurcated
439,gklausc6@tamu.edu,+86 422 407 2078,4.2,13,project
440,epremblec7@eepurl.com,+58 584 939 8955,86.2,1,User-centric
441,fjorissenc8@multiply.com,+86 244 371 5625,84.0,15,context-sensitive
442,mkingabyc9@samsung.com,+84 153 300 8052,78.3,12,data-warehouse
443,jsoppethca@harvard.edu,+502 863 498 4364,21.6,20,Customizable
444,edulycb@jiathis.com,+1 601 494 7831,86.3,1,Organic
445,ckeithcc@house.gov,+256 640 976 1997,70.4,11,Function-based
446,jganfordcd@merriam-webster.com,+351 178 164 8463,62.4,1,incremental
447,wdoeyce@eepurl.com,+63 668 673 3587,78.5,3,holistic
448,sadamskicf@ustream.tv,+7 778 634 0559,94.8,17,holistic
449,nwillstropcg@sitemeter.com,+86 656 934 2672,91.2,11,Proactive
450,rredbornch@mozilla.com,+86 204 103 6548,55.5,11,hardware
451,lbartalici@ameblo.jp,+48 525 636 9212,73.8,15,Exclusive
452,ccarbonellcj@altervista.org,+62 601 474 0920,87.3,13,maximized
453,fklimusck@utexas.edu,+220 233 234 6891,80.3,19,logistical
454,gmaithcl@unicef.org,+62 951 877 1686,52.4,7,open architecture
455,hdurakcm@sourceforge.net,+380 305 597 7888,92.3,1,6th generation
456,nreichartzcn@wordpress.com,+1 804 956 6078,78.9,12,Networked
457,vhabornco@nbcnews.com,+1 813 462 2875,65.3,20,object-oriented
458,ssmithemancp@amazon.de,+351 741 229 1795,1.4,8,artificial intelligence
459,edaltrycq@google.ru,+63 423 311 3693,82.0,1,multi-tasking
460,bbrownhallcr@java.com,+86 989 741 1214,17.2,5,Distributed
461,nburgcs@free.fr,+48 840 573 0401,95.1,2,Robust
462,jkealct@hatena.ne.jp,+86 525 474 9011,20.5,1,optimizing
463,lduffetcu@blogger.com,+81 578 731 6244,28.6,16,core
464,brylecv@yellowpages.com,+30 964 145 1170,61.4,18,systemic
465,cmillbergcw@ibm.com,+46 363 325 4968,75.8,19,Innovative
466,bdoumercx@cnet.com,+56 696 691 0283,48.5,5,Re-engineered
467,uchipchasecy@ed.gov,+351 568 634 3906,87.4,7,algorithm
468,sskynercz@adobe.com,+46 584 288 9905,57.7,14,service-desk
469,strousdelld0@eventbrite.com,+232 291 505 3742,29.1,19,client-server
470,kbohlingolsend1@tripadvisor.com,+226 593 910 5238,28.2,17,methodology
471,jmcinteerd2@digg.com,+380 724 305 7191,43.4,6,complexity
472,frapleyd3@etsy.com,+55 856 603 8546,37.0,17,parallelism
473,sbrewersd4@gravatar.com,+380 882 809 6780,15.0,12,Assimilated
474,agoomd5@baidu.com,+63 513 432 3772,96.2,12,grid-enabled
475,smirrallsd6@blog.com,+63 763 112 0954,67.8,8,holistic
476,rgareyd7@joomla.org,+62 850 150 2268,97.8,12,hardware
477,emoncarrd8@home.pl,+86 511 703 9738,20.0,17,challenge
478,galpind9@gravatar.com,+86 226 199 1992,77.0,19,global
479,kclercda@51.la,+1 313 540 2563,89.5,16,grid-enabled
480,skellowaydb@merriam-webster.com,+46 307 839 5319,9.7,18,background
481,fbrinddc@accuweather.com,+55 666 413 8108,35.8,19,neutral
482,nquestdd@bloomberg.com,+850 186 888 2004,58.7,8,Profound
483,barnauducde@sphinn.com,+82 892 444 3076,74.7,15,Multi-layered
484,jschmuhldf@dagondesign.com,+86 586 298 2045,23.8,9,middleware
485,sebertzdg@fema.gov,+506 222 834 4193,12.6,2,instruction set
486,hdimitrijevicdh@disqus.com,+598 829 833 5042,81.2,11,multimedia
487,naylindi@answers.com,+52 545 683 7188,86.8,11,focus group
488,jgrigollidj@yahoo.com,+31 983 167 3234,56.3,6,Programmable
489,fpithiedk@mlb.com,+86 250 421 8599,60.5,9,knowledge user
490,djakucewiczdl@scribd.com,+55 984 183 5079,2.2,20,systematic
491,nbeckerdm@shop-pro.jp,+51 248 604 6140,39.4,12,Progressive
492,mgoldthorpedn@cocolog-nifty.com,+86 251 678 9671,87.1,20,moratorium
493,myurikovdo@deliciousdays.com,+593 354 615 8109,28.1,13,collaboration
494,nhugnetdp@networkadvertising.org,+62 627 918 5698,80.6,10,foreground
495,rscawtondq@google.com.au,+56 176 679 5915,5.6,8,website
496,tmatterdacedr@acquirethisname.com,+62 866 758 0490,31.8,19,Customizable
497,brothmands@weebly.com,+595 955 710 0716,62.4,12,Enterprise-wide
498,jlanfeardt@sciencedirect.com,+63 159 915 7712,7.5,1,Front-line
499,krunhamdu@usgs.gov,+86 416 322 4503,10.0,2,Optional
500,bfaderdv@dedecms.com,+46 595 598 0724,63.8,1,core
501,dannondw@discovery.com,+86 934 738 7268,96.6,19,responsive
502,mderbyshiredx@nifty.com,+86 454 296 2552,91.0,3,alliance
503,ltebbuttdy@bloglovin.com,+505 555 107 9334,24.1,19,Adaptive
504,sshapterdz@umich.edu,+381 161 351 9662,36.2,20,Business-focused
505,cchesterse0@ucsd.edu,+57 877 417 8671,37.5,11,Virtual
506,ebranchflowere1@deliciousdays.com,+358 212 360 7925,79.6,16,Open-source
507,jhyette2@virginia.edu,+33 103 786 6201,41.5,1,background
508,abatcheldore3@hp.com,+53 490 855 2846,13.8,16,demand-driven
509,mtodeoe4@yelp.com,+51 982 765 3864,74.7,17,contingency
510,mgeere5@constantcontact.com,+63 843 634 8295,27.2,14,dynamic
511,eutridgee6@aol.com,+965 992 343 9561,66.8,13,Public-key
512,tcancellere7@smh.com.au,+7 823 468 6656,41.3,9,standardization
513,jkondratenyae8@rediff.com,+502 796 349 2573,30.5,8,orchestration
514,jlindroe9@list-manage.com,+229 333 991 4936,91.4,7,analyzing
515,higoea@nhs.uk,+351 859 729 0827,6.2,15,modular
516,wibbisoneb@cafepress.com,+63 102 819 4290,96.5,7,Streamlined
517,sclementsec@spotify.com,+30 784 105 8868,69.4,5,capacity
518,dcolinged@nature.com,+506 803 335 3428,71.9,6,bandwidth-monitored
519,kaseeee@amazonaws.com,+63 871 263 5654,39.0,4,infrastructure
520,cmccoleef@wisc.edu,+54 873 450 9591,91.9,16,static
521,josharryeg@yahoo.co.jp,+352 188 572 2078,20.1,16,dynamic
522,sjenteaueh@boston.com,+30 411 511 4654,80.6,18,challenge
523,rgascoyenei@yahoo.com,+357 290 645 2328,11.3,10,reciprocal
524,egrimstonej@bbb.org,+63 366 647 3905,60.7,1,Up-sized
525,bmarsonek@cargocollective.com,+86 357 755 0817,39.2,2,open architecture
526,brubenovel@instagram.com,+506 818 771 0139,92.6,8,focus group
527,bmazonowiczem@cloudflare.com,+7 577 287 5024,45.0,18,Profound
528,ajozaitisen@yolasite.com,+7 151 829 3284,46.9,12,local area network
529,pbanthorpeeo@oracle.com,+39 650 142 1111,21.1,8,collaboration
530,ehillabyep@rambler.ru,+595 987 171 8253,94.0,15,core
531,kheningameq@comsenz.com,+55 163 468 4438,31.3,20,internet solution
532,itewkesberrieer@google.nl,+62 717 519 7559,32.9,2,productivity
533,awartones@tinyurl.com,+86 590 111 9775,87.0,7,Graphical User Interface
534,lhorbartet@tiny.cc,+235 816 126 6112,68.3,17,Profound
535,rkorejseu@wired.com,+351 737 811 5950,57.9,17,help-desk
536,cteglerev@eventbrite.com,+86 468 236 8577,71.7,11,Re-engineered
537,shargessew@jigsy.com,+355 138 607 2084,41.4,5,info-mediaries
538,dhenrichsenex@house.gov,+504 323 566 2093,75.5,5,frame
539,dgisborneey@arizona.edu,+62 233 478 6598,15.5,16,tertiary
540,gjachimiakez@wunderground.com,+225 450 870 9916,8.1,8,content-based
541,ckilbyf0@howstuffworks.com,+62 455 225 2067,95.5,6,Progressive
542,fzecchif1@seesaa.net,+264 812 852 8490,78.7,4,real-time
543,minglesantf2@stumbleupon.com,+62 304 293 3692,86.7,18,tangible
544,hspurmanf3@themeforest.net,+62 491 997 0695,87.7,16,Right-sized
545,mforgef4@usa.gov,+62 497 381 9091,53.0,15,hybrid
546,vdomleof5@dedecms.com,+1 237 194 6166,74.8,4,Cloned
547,mtwidalef6@wordpress.org,+33 704 707 6811,80.2,12,archive
548,mdubiquef7@soundcloud.com,+86 865 944 2596,54.9,10,Distributed
549,apollakf8@wunderground.com,+82 676 927 7833,93.6,7,asymmetric
550,fwernyf9@zdnet.com,+254 585 457 8142,48.4,6,Self-enabling
551,azorzinifa@ebay.com,+86 181 859 1031,37.9,3,Stand-alone
552,ftomadonifb@sciencedaily.com,+93 771 678 3132,97.5,16,alliance
553,nashmentfc@youtu.be,+49 957 991 6274,28.7,7,extranet
554,bheggsfd@topsy.com,+351 926 629 3327,65.0,8,system engine
555,pocrottyfe@wisc.edu,+33 755 289 7027,76.9,19,Team-oriented
556,dtumeltyff@cyberchimps.com,+55 821 834 2483,89.4,9,bifurcated
557,ppoorefg@businessweek.com,+48 653 837 8595,77.8,13,customer loyalty
558,rcursonsfh@buzzfeed.com,+86 228 209 3991,50.4,7,Multi-lateral
559,cearnshawfi@illinois.edu,+963 354 473 1518,78.4,2,static
560,grogansfj@slate.com,+86 759 320 9867,59.4,9,bi-directional
561,jbeharrellfk@abc.net.au,+351 667 323 0804,73.9,12,analyzing
562,gcollarfl@topsy.com,+33 109 654 2329,49.4,13,Open-architected
563,bbellinofm@npr.org,+509 494 113 5762,65.3,1,help-desk
564,lgalbraithfn@nsw.gov.au,+62 724 490 5833,23.4,13,Optional
565,lzinifo@ow.ly,+27 689 822 2779,77.9,8,encompassing
566,adiverfp@gizmodo.com,+86 324 681 7958,1.3,19,structure
567,miansonfq@skyrock.com,+351 994 104 6258,3.0,15,middleware
568,xholdfr@bandcamp.com,+237 450 759 6865,26.9,18,Virtual
569,sgarshorefs@skyrock.com,+976 710 923 3369,9.2,8,even-keeled
570,wpincottft@ow.ly,+62 946 890 1188,97.2,14,complexity
571,cdennantfu@fastcompany.com,+351 375 905 0384,5.3,15,budgetary management
572,speppettfv@telegraph.co.uk,+62 894 588 0378,27.1,13,Triple-buffered
573,asheedfw@yahoo.co.jp,+62 943 423 6221,57.3,19,Function-based
574,cscrippsfx@surveymonkey.com,+509 229 989 3677,83.2,1,Optimized
575,sbushenfy@arstechnica.com,+86 210 111 2593,93.6,8,web-enabled
576,jwoodburnfz@google.ca,+86 240 255 9362,6.5,16,Switchable
577,kvilliersg0@nyu.edu,+46 625 755 2973,45.1,11,zero defect
578,khindesg1@washingtonpost.com,+62 997 401 7098,29.4,17,high-level
579,santonettig2@berkeley.edu,+58 961 582 8631,57.3,1,hardware
580,dsheryneg3@free.fr,+66 652 300 7380,23.5,8,incremental
581,ajacquesg4@sciencedaily.com,+380 982 828 0845,53.5,6,Configurable
582,gcroang5@altervista.org,+60 134 987 1333,8.9,6,algorithm
583,hlegong6@economist.com,+33 743 908 5463,36.9,3,Multi-layered
584,myesg7@hostgator.com,+66 830 992 0993,87.7,17,concept
585,cbulleneg8@ask.com,+63 699 962 5674,86.3,17,logistical
586,brampageg9@elegantthemes.com,+63 785 336 1221,91.0,3,background
587,sniecega@nifty.com,+86 407 870 2389,96.3,3,Triple-buffered
588,gyersingb@canalblog.com,+351 192 740 5337,88.8,4,circuit
589,blezemoregc@weebly.com,+970 738 953 7924,85.4,3,Compatible
590,cmullardgd@usnews.com,+55 195 565 0314,58.3,20,Open-source
591,mwhitebrookge@creativecommons.org,+51 806 910 8826,17.9,13,global
592,achealesgf@ow.ly,+62 219 520 8675,20.0,18,bi-directional
593,mwilflinggg@uiuc.edu,+48 327 999 2399,25.5,3,superstructure
594,aambroisgh@skype.com,+86 725 806 6731,79.1,8,Quality-focused
595,gforbesgi@buzzfeed.com,+30 840 752 2214,24.0,4,collaboration
596,fcockshotgj@blog.com,+502 318 554 9754,17.0,10,emulation
597,mgerrietsgk@netscape.com,+66 655 953 4315,62.7,12,systematic
598,plonglandgl@taobao.com,+93 745 125 3184,5.1,2,array
599,cmcnicolgm@tuttocitta.it,+86 442 433 1981,5.8,17,Open-source
600,fconringgn@php.net,+86 104 677 9318,34.6,19,4th generation
601,sbatchgo@gnu.org,+62 987 574 3832,26.8,16,directional
602,kkemberygp@w3.org,+48 999 256 4010,20.9,13,internet solution
603,rsilleygq@xing.com,+55 940 114 5906,13.7,19,zero administration
604,aseadongr@nydailynews.com,+33 780 401 7331,46.0,15,Inverse
605,acamiligs@microsoft.com,+62 187 755 1928,82.1,14,neural-net
606,rvolagegt@theglobeandmail.com,+387 403 191 3930,3.4,19,capability
607,gbarckgu@behance.net,+86 860 511 9599,9.9,10,customer loyalty
608,mbendangv@histats.com,+62 464 641 4610,41.9,13,Public-key
609,cdearlovegw@google.de,+92 977 294 9854,82.1,18,algorithm
610,jklaaassengx@myspace.com,+86 802 669 5451,4.0,17,static
611,nglossupgy@nytimes.com,+351 911 823 7963,60.8,5,moderator
612,athomblesongz@addthis.com,+86 294 413 6503,95.1,9,local
613,rkeaysellh0@wisc.edu,+86 387 554 4362,89.2,9,Multi-lateral
614,fbrownceyh1@stanford.edu,+261 696 860 8723,41.3,11,circuit
615,hflaggh2@creativecommons.org,+7 266 544 8404,82.6,20,frame
616,mcarnierh3@hibu.com,+7 725 722 1555,70.0,2,logistical
617,cfellibrandh4@reddit.com,+52 891 764 1265,59.7,2,Seamless
618,lmasserh5@aboutads.info,+86 559 556 7576,81.8,20,multi-tasking
619,nconnockh6@infoseek.co.jp,+46 475 373 2600,35.6,12,initiative
620,fgammonsh7@huffingtonpost.com,+63 515 338 2833,28.9,11,paradigm
621,lbangiardh8@elegantthemes.com,+973 839 292 5350,23.2,3,circuit
622,lsarfatih9@whitehouse.gov,+63 232 120 1573,63.9,20,Implemented
623,wmericha@tripod.com,+51 887 398 0652,6.0,18,upward-trending
624,nlawdayhb@noaa.gov,+7 159 418 5942,75.8,10,knowledge base
625,lsherehc@google.com,+63 348 777 1384,8.5,13,Public-key
626,kloderhd@instagram.com,+56 348 439 1151,43.5,10,infrastructure
627,nfollinghe@webmd.com,+1 903 310 5427,45.9,17,system-worthy
628,hmcmeekanhf@vkontakte.ru,+46 260 106 8523,54.0,2,policy
629,awardinglyhg@adobe.com,+355 360 394 0339,17.0,11,next generation
630,tralstonhh@nasa.gov,+62 848 918 4158,77.2,8,fresh-thinking
631,lsnodinghi@spotify.com,+48 625 500 9348,11.4,18,productivity
632,tgammetthj@admin.ch,+46 464 184 0194,5.9,11,national
633,sforwardhk@amazon.de,+81 973 982 1999,37.0,20,systemic
634,ecurmehl@hugedomains.com,+359 349 664 9125,24.2,17,composite
635,cdenisothm@gnu.org,+387 654 550 4684,46.0,14,Cross-platform
636,wcossletthn@google.com.hk,+351 793 563 6865,67.6,18,Digitized
637,keggintonho@china.com.cn,+380 627 152 0840,67.5,20,circuit
638,akeywoodhp@paginegialle.it,+420 814 983 7301,96.5,5,Adaptive
639,paldishq@twitter.com,+591 228 180 8898,72.3,18,Team-oriented
640,kskogginshr@comsenz.com,+1 319 578 3228,98.3,11,neural-net
641,hjexhs@samsung.com,+389 686 458 8788,48.5,17,dynamic
642,rbeckenhamht@fc2.com,+86 428 654 6671,97.8,9,multi-tasking
643,ewhykehu@cornell.edu,+1 781 369 9920,19.0,4,help-desk
644,sgrimsdellhv@webnode.com,+850 109 366 2454,65.3,6,reciprocal
645,cpischofhw@kickstarter.com,+55 249 222 0969,78.5,8,Phased
646,rkingsworthhx@sciencedaily.com,+7 941 141 5725,46.6,17,full-range
647,acorraganhy@list-manage.com,+86 951 867 2724,88.3,4,bandwidth-monitored
648,gkelsellhz@technorati.com,+34 563 400 0710,14.4,11,didactic
649,cjaqueti0@tumblr.com,+86 515 980 6544,78.7,16,Grass-roots
650,tcapesi1@sbwire.com,+850 951 279 9476,13.3,12,time-frame
651,ageorgeri2@gizmodo.com,+380 888 498 2278,22.3,2,budgetary management
652,dgelli3@cloudflare.com,+86 243 301 6436,56.0,18,zero administration
653,mpurryi4@epa.gov,+86 767 726 7492,83.2,5,Public-key
654,ngeerei5@163.com,+33 810 426 2593,99.4,13,website
655,cmattisi6@barnesandnoble.com,+48 585 854 2668,2.1,13,Future-proofed
656,mluddyi7@statcounter.com,+53 744 826 6830,21.4,9,even-keeled
657,rpidwelli8@nsw.gov.au,+355 217 314 3919,85.0,15,Automated
658,mfakeleyi9@nba.com,+380 418 807 3372,87.7,12,responsive
659,kstawellia@hugedomains.com,+66 788 883 1532,37.6,7,Ergonomic
660,ecroydonib@qq.com,+359 885 655 3060,85.1,15,protocol
661,fjosowitzic@wikispaces.com,+855 941 216 5867,67.7,17,Virtual
662,lmicoid@netlog.com,+62 711 790 1922,97.5,16,support
663,olovatie@51.la,+370 604 699 1098,83.8,20,capacity
664,psageif@bloglines.com,+62 417 970 2747,59.0,17,discrete
665,mcraykerig@smh.com.au,+62 665 148 7179,14.6,6,eco-centric
666,swoodyerih@mayoclinic.com,+86 611 261 7095,53.3,19,Assimilated
667,gmcgarvieii@yale.edu,+389 561 322 1151,81.5,1,responsive
668,lmuneelyij@netscape.com,+86 710 564 8906,92.7,4,concept
669,epettoik@constantcontact.com,+1 733 413 8439,9.8,14,benchmark
670,cteenanil@google.de,+967 616 375 4861,35.5,7,Optional
671,lguynemerim@ed.gov,+7 254 964 6756,23.4,2,orchestration
672,cgoodfieldin@abc.net.au,+54 898 750 7761,12.5,14,Face to face
673,jgreenfieldio@nydailynews.com,+994 239 173 2319,75.7,16,optimizing
674,eharlockip@reuters.com,+84 640 936 3840,70.7,15,encryption
675,wtailbyiq@arstechnica.com,+47 879 267 0847,80.2,13,Profit-focused
676,msantenir@tmall.com,+1 757 101 8731,15.1,13,Robust
677,lkyngdonis@redcross.org,+33 785 829 5512,2.6,10,neutral
678,rflipsenit@list-manage.com,+52 803 294 1032,78.1,7,global
679,jdurnfordiu@yelp.com,+86 651 855 6488,57.1,18,Digitized
680,fjeffordiv@ucoz.ru,+62 612 657 5076,51.8,9,matrices
681,rbachellieriw@cisco.com,+7 244 259 4925,75.6,10,Front-line
682,nculbertix@mac.com,+355 499 621 4625,60.1,20,optimal
683,tmarriageiy@bloglovin.com,+86 440 322 1688,27.1,1,Seamless
684,elilesiz@miibeian.gov.cn,+351 490 225 3012,17.3,1,support
685,vthomj0@craigslist.org,+47 739 840 0322,27.8,7,Realigned
686,bagatej1@harvard.edu,+62 363 506 8232,33.3,12,Persistent
687,ltarbattj2@wired.com,+66 667 701 9297,66.0,11,modular
688,hkynettj3@time.com,+998 296 224 1099,96.1,19,Automated
689,hkillockj4@stanford.edu,+237 901 353 5736,50.1,1,systematic
690,blambartj5@mapy.cz,+375 362 474 0454,69.4,11,Networked
691,flindwallj6@icio.us,+1 417 526 2774,77.3,2,Optional
692,kmartinaj7@senate.gov,+86 650 875 8417,16.3,2,emulation
693,cpickj8@51.la,+359 419 607 0652,18.4,10,Universal
694,creboulj9@ibm.com,+86 550 483 9582,33.2,4,orchestration
695,bwestmorelandja@bravesites.com,+46 743 602 7968,37.9,18,high-level
696,hpontainjb@mediafire.com,+260 256 346 5642,40.6,1,static
697,atrilljc@forbes.com,+49 172 119 8843,64.1,10,core
698,cmcmenaminjd@i2i.jp,+242 450 700 7098,21.4,18,contextually-based
699,agingerje@mtv.com,+86 411 735 7001,80.5,14,Future-proofed
700,iferresjf@nih.gov,+856 256 469 4159,76.3,14,client-driven
701,jcalveleyjg@usa.gov,+381 549 436 4899,3.4,7,adapter
702,cbucknerjh@nymag.com,+593 202 292 9418,74.1,11,User-centric
703,skasparji@bing.com,+93 406 694 2257,99.0,12,Ameliorated
704,showsegojj@biblegateway.com,+51 391 256 1518,77.6,3,actuating
705,aasserjk@unicef.org,+86 299 611 5790,93.1,9,Team-oriented
706,mkiosseljl@hhs.gov,+86 521 307 0707,95.3,8,exuding
707,mverejm@smugmug.com,+238 665 731 0076,29.9,9,policy
708,venderbyjn@webmd.com,+48 215 747 2977,48.6,9,Reverse-engineered
709,ddufairejo@cafepress.com,+62 161 229 1247,76.1,3,Front-line
710,emcpheejp@diigo.com,+86 496 301 6730,46.5,13,Front-line
711,cgreatrakesjq@vk.com,+30 567 826 5433,53.9,18,Programmable
712,mbranniganjr@storify.com,+351 729 852 1802,51.8,5,Optimized
713,dosmundjs@paginegialle.it,+84 125 419 6399,77.0,15,Reduced
714,bdaburnjt@zdnet.com,+1 786 119 3055,92.0,20,Integrated
715,afeehelyju@bandcamp.com,+98 100 949 2342,6.8,14,Multi-lateral
716,msnowjv@oaic.gov.au,+57 992 601 4049,95.4,8,Object-based
717,tseligsonjw@unc.edu,+62 901 885 7148,60.4,20,Devolved
718,rhamblyjx@hexun.com,+381 976 136 5955,94.0,3,success
719,statlockjy@mayoclinic.com,+86 443 201 4721,14.2,3,next generation
720,rcordejz@newsvine.com,+1 860 396 2987,93.6,9,Universal
721,dpechellk0@linkedin.com,+62 739 473 0782,95.4,16,secured line
722,alaffank1@fda.gov,+33 134 695 9222,27.9,15,background
723,jhedinghamk2@stumbleupon.com,+86 731 906 4529,67.3,10,functionalities
724,clinggardk3@bluehost.com,+31 893 250 4424,26.4,8,contingency
725,nduplockk4@deliciousdays.com,+55 447 298 3008,9.7,13,Enhanced
726,asummersidek5@independent.co.uk,+86 518 236 0979,15.9,18,contextually-based
727,njakewayk6@eventbrite.com,+81 158 510 9936,75.0,20,focus group
728,aboomk7@youku.com,+55 454 193 9980,80.7,5,policy
729,zconiamk8@reddit.com,+86 246 833 3454,43.8,3,mobile
730,bsimunekk9@fotki.com,+60 304 238 9518,48.3,20,context-sensitive
731,mrowlingska@soundcloud.com,+63 768 577 1607,18.7,1,extranet
732,adreinankb@geocities.com,+1 189 131 5110,10.9,10,instruction set
733,jfanshawkc@hatena.ne.jp,+351 870 242 8124,27.1,20,Assimilated
734,fjerromkd@smugmug.com,+86 707 561 7428,6.3,8,hybrid
735,rapdellke@china.com.cn,+63 955 101 8134,33.7,1,approach
736,jwootonkf@exblog.jp,+86 597 749 5474,91.9,20,Proactive
737,sbradnumkg@livejournal.com,+7 598 456 8430,23.0,9,Mandatory
738,jsporgeonkh@t.co,+63 181 261 3301,99.7,17,Self-enabling
739,cpichanki@jugem.jp,+505 272 939 0841,10.1,11,Customer-focused
740,zwestwaterkj@blogtalkradio.com,+47 600 582 2704,92.1,20,Object-based
741,apilmerkk@netvibes.com,+86 173 984 8465,53.7,14,Robust
742,lfaithfullkl@etsy.com,+850 205 391 3472,13.5,18,hierarchy
743,dmapsonkm@goo.gl,+503 520 468 3410,50.2,6,neural-net
744,aduferiekn@odnoklassniki.ru,+7 859 472 3745,84.3,5,database
745,ahuygenko@apple.com,+504 462 742 9723,41.6,17,stable
746,uivakhinkp@vkontakte.ru,+62 279 416 4900,7.2,5,focus group
747,ajaneskq@topsy.com,+967 663 562 2060,71.9,13,Open-architected
748,mrolinkr@nydailynews.com,+62 610 838 1074,91.0,17,Future-proofed
749,nsimakovks@abc.net.au,+968 834 143 5742,44.9,20,non-volatile
750,bpfeifferkt@bandcamp.com,+670 405 482 7027,84.8,3,challenge
751,pdeangelisku@hud.gov,+1 314 250 6896,84.5,20,synergy
752,cmatuskiewiczkv@ucoz.com,+234 599 165 2466,84.5,2,application
753,cchristenekw@last.fm,+86 674 755 3866,65.2,13,monitoring
754,mstanislawkx@theguardian.com,+46 856 477 8204,96.2,17,Centralized
755,lorringeky@exblog.jp,+55 227 439 1882,62.1,7,Persevering
756,ncheccuzzikz@t.co,+48 808 867 3891,55.6,16,Re-contextualized
757,bdunwoodyl0@yellowpages.com,+57 838 249 2504,51.3,18,3rd generation
758,sdomerql1@webs.com,+62 272 253 3951,57.1,1,project
759,gsaundercockl2@seattletimes.com,+62 663 202 6814,59.0,7,productivity
760,gschurckel3@theglobeandmail.com,+351 807 943 0062,14.5,9,Ameliorated
761,tgerrietl4@umn.edu,+63 728 170 6678,22.4,4,projection
762,njurschl5@go.com,+86 863 341 0377,51.4,7,Pre-emptive
763,cplakl6@thetimes.co.uk,+386 877 236 0188,45.5,16,Focused
764,vgobell7@wix.com,+82 640 746 8417,7.5,18,conglomeration
765,mrehnl8@google.co.uk,+234 648 862 6522,69.3,9,Digitized
766,lreadyl9@cloudflare.com,+30 847 685 8577,23.7,12,foreground
767,mschlaghla@ucsd.edu,+86 200 349 3822,53.4,5,client-server
768,lpilmorelb@dyndns.org,+57 838 532 1951,43.2,8,Down-sized
769,eniccollslc@i2i.jp,+375 662 541 9674,75.8,6,Self-enabling
770,gbelsherld@wisc.edu,+62 652 780 6074,24.6,17,Compatible
771,cbrymhamle@miitbeian.gov.cn,+7 296 108 4536,84.7,14,Managed
772,edenisardlf@discovery.com,+62 400 462 3583,71.7,14,De-engineered
773,icliffelg@exblog.jp,+81 190 866 5901,19.9,18,3rd generation
774,jfaddenlh@liveinternet.ru,+86 802 310 9890,16.5,20,foreground
775,ttironeli@biblegateway.com,+86 962 243 9480,40.7,8,mission-critical
776,lpinkelj@angelfire.com,+977 650 749 6266,29.7,19,methodical
777,cdabornlk@smh.com.au,+86 277 328 0296,20.3,3,matrices
778,jsawlll@jiathis.com,+63 199 609 1127,24.6,9,interface
779,fpitcocklm@howstuffworks.com,+7 543 370 3958,11.0,12,optimal
780,vsemorln@163.com,+385 418 938 8133,86.4,5,throughput
781,wcollynslo@studiopress.com,+86 921 993 2605,55.5,16,support
782,dsackeslp@infoseek.co.jp,+46 157 897 1330,65.7,14,software
783,vkunzelq@usda.gov,+46 756 139 5023,94.0,19,Right-sized
784,swoodfinelr@barnesandnoble.com,+62 340 486 4164,52.7,15,analyzer
785,abunyardls@goodreads.com,+63 595 430 9867,41.6,19,parallelism
786,bmelinlt@ameblo.jp,+33 167 657 8554,60.8,3,heuristic
787,mmonkleylu@wisc.edu,+57 230 524 7308,20.3,20,Innovative
788,wcastillonlv@whitehouse.gov,+359 154 727 1156,85.5,14,Multi-tiered
789,cspybeylw@salon.com,+7 560 459 3339,49.1,12,high-level
790,qbattamslx@jalbum.net,+63 694 509 0422,95.4,19,hierarchy
791,bfussellly@acquirethisname.com,+33 912 323 2598,66.1,16,focus group
792,alewislz@163.com,+86 132 264 4753,23.1,5,strategy
793,ocowopem0@ovh.net,+7 497 965 6571,24.2,3,Compatible
794,cbackm1@yale.edu,+86 406 679 8286,24.8,11,user-facing
795,fstarrsm2@phpbb.com,+46 398 624 6588,2.8,6,Decentralized
796,gcolnettm3@arstechnica.com,+47 354 715 4387,71.6,3,infrastructure
797,mchalfainm4@plala.or.jp,+53 585 517 8104,25.0,4,help-desk
798,mlovittm5@webmd.com,+81 179 462 4765,1.8,2,object-oriented
799,lrothonm6@cdc.gov,+81 646 277 1354,57.8,2,Profit-focused
800,twotherspoonm7@yandex.ru,+86 648 703 3461,69.4,1,Expanded
801,ctenmanm8@answers.com,+81 115 660 6055,61.6,8,productivity
802,elehrerm9@nymag.com,+355 726 714 9079,17.5,16,parallelism
803,cmeachemma@bloglines.com,+86 433 494 5317,93.1,14,Horizontal
804,shardwellmb@vistaprint.com,+86 915 896 6977,23.0,3,instruction set
805,dvigiettimc@google.it,+45 676 969 6074,97.6,4,hub
806,eflochmd@discovery.com,+86 453 918 1264,39.2,12,Configurable
807,rchallenerme@squarespace.com,+62 637 384 1183,50.3,14,actuating
808,swasonmf@webmd.com,+86 233 245 0830,11.2,4,mobile
809,ksandesonmg@istockphoto.com,+7 865 951 7846,90.2,7,attitude-oriented
810,cwitherupmh@ovh.net,+86 501 389 6473,77.0,18,Expanded
811,rdunckleemi@boston.com,+86 495 474 2606,4.9,5,user-facing
812,telmarmj@google.ru,+39 951 113 7273,62.7,9,adapter
813,kbattersbymk@sciencedaily.com,+86 287 483 1131,58.7,10,object-oriented
814,wtounml@dell.com,+48 756 875 4473,12.0,18,bandwidth-monitored
815,ometterickemm@nyu.edu,+262 445 249 4526,88.0,14,Cross-group
816,nhodjettsmn@dmoz.org,+48 715 189 3887,65.0,20,system-worthy
817,rbearhammo@bluehost.com,+1 858 116 3082,89.3,3,complexity
818,gparsissonmp@epa.gov,+98 451 418 2522,46.3,13,content-based
819,ekindreadmq@themeforest.net,+52 581 800 5720,89.2,3,Graphical User Interface
820,ciredellmr@creativecommons.org,+351 803 740 6453,67.7,4,analyzing
821,cstairmandms@ihg.com,+62 430 940 1524,27.7,3,object-oriented
822,pandreasmt@ehow.com,+55 817 969 5210,78.6,8,open architecture
823,fmaccrackanmu@pinterest.com,+63 402 728 4676,85.4,19,local
824,bpittelmv@bing.com,+62 257 822 4601,95.2,4,Multi-channelled
825,umorganmw@simplemachines.org,+86 565 171 2215,42.2,1,Business-focused
826,tsmeatonmx@oaic.gov.au,+30 699 638 4258,60.1,11,protocol
827,jgowriemy@economist.com,+7 609 977 4382,43.3,15,implementation
828,omaggorinimz@addthis.com,+63 627 477 3089,59.6,8,workforce
829,fteschen0@ning.com,+84 463 567 0421,55.1,8,customer loyalty
830,hgracewoodn1@slate.com,+351 505 569 6194,15.5,15,superstructure
831,cnaptinn2@ibm.com,+63 964 878 3452,9.3,15,matrices
832,fmixn3@geocities.com,+63 101 664 5509,80.9,4,24/7
833,lshirtn4@microsoft.com,+86 124 708 4446,53.3,16,instruction set
834,vneilandsn5@dagondesign.com,+1 304 408 2611,30.5,18,mission-critical
835,bpalphreymann6@php.net,+86 430 635 2021,43.5,12,Multi-tiered
836,wpoppletonn7@gizmodo.com,+380 590 714 0301,86.5,12,Vision-oriented
837,jkolushevn8@com.com,+86 499 807 9864,97.6,3,Up-sized
838,gescolmen9@about.me,+1 901 915 4882,45.2,3,hybrid
839,sbyna@cbsnews.com,+1 251 390 3933,27.4,17,disintermediate
840,wosseltonnb@wired.com,+62 239 955 8941,9.9,15,Optimized
841,gphilimorenc@ask.com,+351 341 991 7241,65.7,17,zero defect
842,nmclanaghannd@google.es,+62 459 754 2455,24.1,11,Streamlined
843,amelrossne@miibeian.gov.cn,+86 840 798 3579,63.7,4,benchmark
844,hbowcocknf@ifeng.com,+33 600 174 6526,75.8,6,disintermediate
845,nkemsterng@dagondesign.com,+30 804 327 1427,40.3,1,Pre-emptive
846,cbenznh@buzzfeed.com,+63 786 370 9327,39.6,12,monitoring
847,cbrontni@123-reg.co.uk,+63 363 835 9894,72.3,2,product
848,jduffynnj@vinaora.com,+48 748 865 4395,87.0,17,6th generation
849,tdeandreisnk@economist.com,+48 406 252 2409,64.4,20,empowering
850,cwolstencroftnl@bigcartel.com,+57 293 872 7441,37.8,20,multi-tasking
851,gtomczykowskinm@desdev.cn,+63 920 351 0046,45.5,8,background
852,mthextonnn@hexun.com,+33 866 236 8918,72.6,2,core
853,kjeffersonno@census.gov,+351 182 643 0724,92.6,5,asymmetric
854,pmyderscoughnp@berkeley.edu,+263 841 931 6882,10.1,19,model
855,hriteleynq@domainmarket.com,+351 875 773 0135,12.5,15,paradigm
856,ahoysnr@nytimes.com,+63 435 679 4708,14.6,15,scalable
857,emongerns@cpanel.net,+370 171 824 6916,84.0,15,Persevering
858,mmiddlebrooknt@privacy.gov.au,+48 781 822 9240,24.7,6,extranet
859,mwytchardnu@nhs.uk,+212 830 369 5366,28.9,9,Multi-tiered
860,mstapforthnv@slashdot.org,+1 256 580 4379,80.8,19,Up-sized
861,sgammadenw@zdnet.com,+420 938 166 7379,32.6,12,systemic
862,tchannernx@jigsy.com,+55 617 911 1460,23.5,1,paradigm
863,gfelgatny@mail.ru,+380 300 949 9126,4.1,10,discrete
864,lennornz@ucla.edu,+86 918 267 2062,7.3,11,help-desk
865,bllewelyno0@washingtonpost.com,+62 436 178 0267,11.4,8,throughput
866,rstubberto1@reuters.com,+52 291 673 0547,14.6,4,asymmetric
867,tjorgeseno2@apache.org,+224 477 475 8584,12.3,7,uniform
868,wbondero3@quantcast.com,+86 509 973 9950,84.0,18,mission-critical
869,ncroseo4@desdev.cn,+48 919 466 9709,75.6,16,bandwidth-monitored
870,hduello5@unesco.org,+48 517 167 5577,7.1,13,Robust
871,lwormso6@instagram.com,+86 573 271 7065,10.6,10,knowledge base
872,rmaffionio7@google.es,+7 489 867 6293,93.5,5,modular
873,imillwardo8@fastcompany.com,+62 536 334 2916,86.5,5,motivating
874,sdraysayo9@live.com,+420 307 777 2467,71.1,13,forecast
875,aitzkovwichoa@eventbrite.com,+58 703 317 9017,52.4,1,uniform
876,plambollob@netvibes.com,+86 520 350 3973,55.9,14,circuit
877,achoakeoc@scribd.com,+595 387 786 7638,58.0,17,Networked
878,adivesod@paginegialle.it,+264 851 981 3600,34.0,20,interface
879,sarentoe@parallels.com,+351 107 579 2570,59.0,1,definition
880,mgrushinof@people.com.cn,+380 983 665 3699,71.1,11,time-frame
881,sbartalettiog@jigsy.com,+291 667 789 2146,35.9,17,implementation
882,hrheltonoh@youtu.be,+81 564 491 0472,94.7,9,algorithm
883,bmahedyoi@hatena.ne.jp,+27 358 162 3127,86.5,6,framework
884,tingleseoj@twitter.com,+55 409 159 3938,61.7,18,hierarchy
885,lpedleyok@qq.com,+1 714 707 4740,46.2,15,regional
886,mfettesol@dailymotion.com,+46 703 143 2173,60.9,5,application
887,kmapesom@hp.com,+47 697 628 3345,45.6,15,attitude
888,bmcneeon@whitehouse.gov,+1 214 140 9270,74.1,11,grid-enabled
889,mdrysdaleoo@tumblr.com,+58 594 580 6871,41.0,1,internet solution
890,plannonop@wikipedia.org,+7 868 143 7255,68.5,2,fault-tolerant
891,aswitsuroq@indiegogo.com,+63 497 387 9001,61.1,2,mission-critical
892,mbeauchampor@hud.gov,+86 192 801 3266,16.6,17,Multi-layered
893,glaugheranos@seattletimes.com,+86 267 601 5658,39.9,8,analyzing
894,jburyot@wunderground.com,+86 988 598 5806,12.9,2,Synergized
895,mgaylardou@people.com.cn,+30 347 618 2249,60.7,4,help-desk
896,kmodenov@goo.ne.jp,+55 574 598 3977,48.3,8,Secured
897,alynasow@trellian.com,+63 240 954 3500,24.6,18,impactful
898,ecocklieox@rakuten.co.jp,+55 797 892 2340,49.2,7,access
899,glarkworthyoy@nba.com,+55 924 637 4609,15.5,16,next generation
900,eprenticeoz@multiply.com,+48 513 627 5609,50.8,13,challenge
901,cgowdiep0@mit.edu,+86 191 692 1022,15.0,17,content-based
902,kmethringhamp1@howstuffworks.com,+86 289 659 0639,3.2,10,empowering
903,gmcinteep2@apple.com,+48 560 640 2587,16.4,16,standardization
904,gravillasp3@wordpress.org,+234 416 982 8308,51.2,2,Open-architected
905,tstaversp4@cargocollective.com,+86 312 995 0340,22.3,13,fresh-thinking
906,dgathercolep5@sitemeter.com,+351 283 351 4324,30.2,16,uniform
907,linfantep6@purevolume.com,+353 772 225 1582,75.3,17,service-desk
908,kfortunp7@istockphoto.com,+86 984 227 2178,56.2,4,contextually-based
909,slithgowp8@google.com.br,+51 165 781 5908,39.0,14,protocol
910,bwaddamp9@unicef.org,+235 766 470 2941,80.1,8,moratorium
911,fbernardopa@webs.com,+46 921 531 1420,88.9,4,didactic
912,devreuxpb@google.cn,+380 831 371 6587,40.7,17,Re-engineered
913,abarhampc@amazon.co.uk,+374 297 764 5376,77.1,3,methodology
914,craggattpd@infoseek.co.jp,+7 691 341 3407,54.3,5,5th generation
915,lcoynepe@odnoklassniki.ru,+1 312 115 5071,91.4,17,artificial intelligence
916,hbillespf@gnu.org,+51 610 264 4014,89.3,1,software
917,zhorsburghpg@pagesperso-orange.fr,+30 816 355 0953,20.2,8,Cloned
918,rravenph@miitbeian.gov.cn,+255 647 353 6153,71.0,15,Team-oriented
919,jlefleypi@imgur.com,+52 209 563 5781,31.0,1,hierarchy
920,nferrelipj@fotki.com,+84 497 524 0039,67.6,6,analyzer
921,wnutbeempk@flickr.com,+880 705 984 6867,23.0,7,Enterprise-wide
922,lwodelandpl@gmpg.org,+7 527 951 6389,39.7,7,empowering
923,cnealepm@scientificamerican.com,+7 488 404 1212,18.2,6,Managed
924,kcalfpn@technorati.com,+81 779 858 4118,90.5,7,knowledge user
925,ozornpo@state.gov,+62 701 891 8435,27.4,2,upward-trending
926,msquibbespp@reference.com,+48 461 932 6210,93.8,19,Proactive
927,cduckpq@amazon.de,+62 232 164 3913,48.8,14,Face to face
928,chalsworthpr@dyndns.org,+33 716 233 4042,53.1,9,coherent
929,nakittps@taobao.com,+380 853 801 5301,20.8,4,support
930,jmewept@vimeo.com,+86 810 961 0584,44.2,3,foreground
931,rvashchenkopu@berkeley.edu,+86 680 688 5726,61.1,14,product
932,rgrierpv@gmpg.org,+81 346 179 5067,54.4,15,internet solution
933,gvenartpw@noaa.gov,+63 325 319 2272,61.9,15,leverage
934,bbratchpx@statcounter.com,+62 267 121 5651,87.9,10,Balanced
935,gleclairepy@issuu.com,+967 292 478 1152,62.4,5,Optimized
936,jlehrahanpz@eventbrite.com,+1 612 177 1375,45.6,18,Devolved
937,cdemicoliq0@amazonaws.com,+502 166 326 2639,19.1,8,encryption
938,ssumblerq1@yale.edu,+7 812 919 6040,37.8,1,Triple-buffered
939,ebrandinq2@washingtonpost.com,+507 309 742 0214,28.3,9,Managed
940,bmastertonq3@ifeng.com,+63 216 212 6089,1.4,12,Object-based
941,rbinderq4@i2i.jp,+63 579 590 2416,13.7,8,needs-based
942,trodenburgq5@google.com.hk,+81 198 121 8287,65.4,18,foreground
943,aelizabethq6@weebly.com,+242 479 971 2969,38.5,7,moratorium
944,hadgerq7@mozilla.com,+86 257 157 0182,78.0,6,content-based
945,jalimanq8@alibaba.com,+57 655 143 1097,22.7,14,Profit-focused
946,vochiltreeq9@eventbrite.com,+972 109 707 7303,90.1,9,Team-oriented
947,gchestneyqa@shutterfly.com,+52 780 943 9130,39.2,20,asynchronous
948,tleybanqb@issuu.com,+81 594 223 1034,23.0,16,Pre-emptive
949,jrumneyqc@businessweek.com,+229 374 203 5835,71.9,10,conglomeration
950,smackayqd@jiathis.com,+51 691 562 9008,31.3,10,internet solution
951,hseelbachqe@mashable.com,+86 409 921 5687,48.6,15,projection
952,isermanqf@google.ru,+234 985 359 7299,10.5,11,Grass-roots
953,crostenqg@livejournal.com,+48 996 519 3234,9.2,13,local area network
954,kharsentqh@cbc.ca,+62 832 551 9334,35.4,17,archive
955,lterzzaqi@mayoclinic.com,+598 522 396 9336,38.6,15,infrastructure
956,bprendivilleqj@blogs.com,+972 862 454 2954,63.4,14,Diverse
957,hdunkersleyqk@issuu.com,+86 806 393 8353,50.5,7,Pre-emptive
958,gteodoroql@artisteer.com,+420 741 907 4505,72.5,9,web-enabled
959,crederqm@sfgate.com,+1 714 790 9855,40.5,19,collaboration
960,amacturloughqn@eepurl.com,+225 208 754 2398,96.7,8,well-modulated
961,aslyneqo@uiuc.edu,+86 982 972 0861,31.2,3,Switchable
962,ctrobeyqp@youtube.com,+52 136 407 8170,27.2,11,24/7
963,fsilvesterqq@zdnet.com,+351 249 965 6936,86.1,11,leverage
964,esussamsqr@reference.com,+39 221 910 8853,38.6,2,bi-directional
965,jdumphreyqs@usatoday.com,+63 663 627 8646,68.5,13,Multi-layered
966,dgunthorpqt@jimdo.com,+81 130 805 0048,54.2,3,Secured
967,daldinequ@livejournal.com,+62 711 399 9353,49.2,2,discrete
968,tbarkusqv@java.com,+86 482 351 0968,85.3,5,architecture
969,sarrolqw@prlog.org,+86 460 200 2453,2.7,1,object-oriented
970,jhurtadoqx@irs.gov,+46 111 141 6270,80.7,12,Business-focused
971,cfrenchumqy@accuweather.com,+86 266 564 6890,2.2,16,logistical
972,ryairqz@e-recht24.de,+86 961 306 9726,39.4,2,local
973,hchelsomr0@icq.com,+51 110 627 0310,79.3,3,Re-contextualized
974,utaborrer1@vkontakte.ru,+86 514 241 3706,60.9,19,groupware
975,roriganr2@xrea.com,+963 239 284 6579,7.2,2,Multi-tiered
976,cpauletr3@123-reg.co.uk,+62 838 642 1071,36.1,13,Adaptive
977,yredihoughr4@facebook.com,+62 431 292 3364,40.2,4,matrix
978,cfyndonr5@myspace.com,+351 529 169 6362,81.7,18,archive
979,kinskor6@cdbaby.com,+30 180 700 4733,51.3,12,hub
980,npearceyr7@surveymonkey.com,+86 140 401 4117,78.7,20,service-desk
981,kdochonr8@vinaora.com,+46 720 170 2183,65.6,20,national
982,spaintainr9@usnews.com,+45 591 907 7297,26.7,20,background
983,stolchardra@cnbc.com,+86 403 676 8595,49.1,12,array
984,mgristockrb@soundcloud.com,+506 517 470 5811,21.6,15,alliance
985,eschaffelrc@bandcamp.com,+389 909 982 0085,44.5,13,concept
986,aendersrd@virginia.edu,+46 373 562 8095,75.7,2,Synchronised
987,hrotlaufre@yelp.com,+84 412 573 4283,33.5,2,Automated
988,ymcshearf@bizjournals.com,+62 373 204 2588,78.2,7,Robust
989,odillimorerg@cyberchimps.com,+86 854 131 9210,67.4,15,Synchronised
990,tjermeyrh@youku.com,+7 426 757 6855,77.8,7,Re-engineered
991,olongthornri@hexun.com,+976 165 779 3891,21.1,18,radical
992,bramsbyrj@independent.co.uk,+62 172 981 7882,59.9,3,Ameliorated
993,fwhittletonrk@time.com,+995 430 577 1299,75.9,10,leverage
994,gwhodcoatrl@google.cn,+86 803 262 3588,44.0,13,interface
995,cquartonrm@hhs.gov,+212 836 367 1448,10.8,5,Intuitive
996,osoffrn@oakley.com,+55 786 215 9679,29.4,8,systemic
997,njoskowiczro@msu.edu,+62 973 248 6957,47.2,6,conglomeration
998,dandresenrp@hostgator.com,+86 360 488 0758,4.5,17,collaboration
999,wmonckrq@alexa.com,+212 993 776 0681,9.8,3,productivity
1000,mbalfourrr@cornell.edu,+86 585 432 9748,39.7,6,Diverse
